CoreNumber,LineCurrent(A),Load(Ω),VLoad(V),IWinding(mA),Power(mW)
1,5,10,0.077,6.82,0.52514
1,10,10,0.152,13.52,2.05504
1,15,10,0.226,19.89,4.49514
1,20,10,0.3,26.62,7.986
1,25,10,0.374,33.02,12.34948
1,30,10,0.45,39.66,17.847
1,35,10,0.525,46.17,24.23925
1,40,10,0.599,52.74,31.59126
1,45,10,0.675,59.29,40.02075
1,50,10,0.751,66.4,49.8664
1,55,10,0.823,72.8,59.9144
1,60,10,0.899,79.4,71.3806
1,65,10,0.974,86,83.764
1,70,10,1.048,92.5,96.94
1,75,10,1.124,99.3,111.6132
1,80,10,1.193,105.7,126.1001
1,85,10,1.264,112.4,142.0736
1,90,10,1.328,118.8,157.7664
1,95,10,1.391,124.9,173.7359
1,100,10,1.447,131.6,190.4252
1,5,20,0.141,6.77,0.95457
1,10,20,0.277,13.14,3.63978
1,15,20,0.416,19.88,8.27008
1,20,20,0.555,26.42,14.6631
1,25,20,0.689,32.63,22.48207
1,30,20,0.829,39.18,32.48022
1,35,20,0.968,45.85,44.3828
1,40,20,1.106,52.44,57.99864
1,45,20,1.236,58.46,72.25656
1,50,20,1.375,65.6,90.2
1,55,20,1.509,72,108.648
1,60,20,1.637,78.2,128.0134
1,65,20,1.752,83.6,146.4672
1,70,20,1.859,88.8,165.0792
1,75,20,1.947,93.1,181.2657
1,80,20,2.023,97,196.231
1,85,20,2.091,100.5,210.1455
1,90,20,2.151,103.6,222.8436
1,95,20,2.204,106.6,234.9464
1,100,20,2.253,109.5,246.7035
1,5,30,0.205,6.76,1.3858
1,10,30,0.402,13.07,5.25414
1,15,30,0.599,19.41,11.62659
1,20,30,0.801,25.89,20.73789
1,25,30,1.005,32.51,32.67255
1,30,30,1.201,38.79,46.58679
1,35,30,1.398,45.16,63.13368
1,40,30,1.582,51.12,80.87184
1,45,30,1.769,57.6,101.8944
1,50,30,1.922,62.6,120.3172
1,55,30,2.042,66.5,135.793
1,60,30,2.152,69.8,150.2096
1,65,30,2.251,73.1,164.5481
1,70,30,2.331,75.6,176.2236
1,75,30,2.407,78.3,188.4681
1,80,30,2.48,80.7,200.136
1,85,30,2.546,82.9,211.0634
1,90,30,2.608,84.8,221.1584
1,95,30,2.665,86.8,231.322
1,100,30,2.718,88.9,241.6302
1,5,50,0.323,6.37,2.05751
1,10,50,0.641,12.59,8.07019
1,15,50,0.975,19.11,18.63225
1,20,50,1.289,25.27,32.57303
1,25,50,1.598,31.28,49.98544
1,30,50,1.859,36.39,67.64901
1,35,50,2.067,40.45,83.61015
1,40,50,2.233,43.68,97.53744
1,45,50,2.372,46.41,110.08452
1,50,50,2.499,48.92,122.25108
1,55,50,2.609,51.05,133.18945
1,60,50,2.709,52.98,143.52282
1,65,50,2.799,54.74,153.21726
1,70,50,2.884,56.43,162.74412
1,75,50,2.964,57.95,171.7638
1,80,50,3.034,59.24,179.73416
1,85,50,3.106,61.6,191.3296
1,90,50,3.171,62.7,198.8217
1,95,50,3.232,63.9,206.5248
1,100,50,3.289,65,213.785
1,5,80,0.503,6.18,3.10854
1,10,80,0.998,12.22,12.19556
1,15,80,1.478,18.05,26.6779
1,20,80,1.875,22.93,42.99375
1,25,80,2.151,26.29,56.54979
1,30,80,2.369,29.02,68.74838
1,35,80,2.544,31.18,79.32192
1,40,80,2.698,33.07,89.22286
1,45,80,2.837,34.81,98.75597
1,50,80,2.955,36.28,107.2074
1,55,80,3.067,37.66,115.50322
1,60,80,3.17,38.98,123.5666
1,65,80,3.265,40.07,130.82855
1,70,80,3.352,41.21,138.13592
1,75,80,3.434,42.32,145.32688
1,80,80,3.507,43.21,151.53747
1,85,80,3.582,44.09,157.93038
1,90,80,3.65,44.98,164.177
1,95,80,3.716,45.74,169.96984
1,100,80,3.778,46.45,175.4881
2,5,1.50,0.0182,9.49,0.172718
2,10,1.50,0.0369,19.83,0.731727
2,15,1.50,0.0551,29.45,1.622695
2,20,1.50,0.0738,38.95,2.87451
2,25,1.50,0.0915,49.2,4.5018
2,30,1.50,0.109,59.2,6.4528
2,35,1.50,0.128,68.5,8.768
2,40,1.50,0.148,74.9,11.0852
2,45,1.50,0.165,88.6,14.619
2,50,1.50,0.184,98.7,18.1608
2,55,1.50,0.205,108.1,22.1605
2,60,1.50,0.225,119.1,26.7975
2,65,1.50,0.242,128.5,31.097
2,70,1.50,0.261,137.6,35.9136
2,75,1.50,0.279,148.2,41.3478
2,80,1.50,0.297,157.6,46.8072
2,85,1.50,0.315,168.3,53.0145
2,90,1.50,0.331,178.2,58.9842
2,95,1.50,0.353,187.8,66.2934
2,100,1.50,0.372,197.5,73.47
2,5,5.00,0.061,10.16,0.61976
2,10,5.00,0.119,19.73,2.34787
2,15,5.00,0.181,29.97,5.42457
2,20,5.00,0.244,40.51,9.88444
2,25,5.00,0.301,49.82,14.99582
2,30,5.00,0.359,59.4,21.3246
2,35,5.00,0.419,69.2,28.9948
2,40,5.00,0.482,79.8,38.4636
2,45,5.00,0.539,89.6,48.2944
2,50,5.00,0.599,99.5,59.6005
2,55,5.00,0.651,114.4,74.4744
2,60,5.00,0.704,119.2,83.9168
2,65,5.00,0.745,128.7,95.8815
2,70,5.00,0.787,137.7,108.3699
2,75,5.00,0.822,148.1,121.7382
2,80,5.00,0.854,158.6,135.4444
2,85,5.00,0.881,167.6,147.6556
2,90,5.00,0.911,178.9,162.9779
2,95,5.00,0.932,188.1,175.3092
2,100,5.00,0.962,198.1,190.5722
2,5,10.00,0.101,9.65,0.97465
2,10,10.00,0.207,19.61,4.05927
2,15,10.00,0.312,29.42,9.17904
2,20,10.00,0.416,38.98,16.21568
2,25,10.00,0.523,49.1,25.6793
2,30,10.00,0.628,58.8,36.9264
2,35,10.00,0.732,68.6,50.2152
2,40,10.00,0.837,78.1,65.3697
2,45,10.00,0.943,88.2,83.1726
2,50,10.00,1.049,98.3,103.1167
2,55,10.00,1.154,107.8,124.4012
2,60,10.00,1.263,117.8,148.7814
2,65,10.00,1.371,127.6,174.9396
2,70,10.00,1.474,137.5,202.675
2,75,10.00,1.585,148.2,234.897
2,80,10.00,1.697,157.6,267.4472
2,85,10.00,1.782,166.2,296.1684
2,90,10.00,1.905,176.1,335.4705
2,95,10.00,2.014,186.8,376.2152
2,100,10.00,2.129,196.4,418.1356
2,5,20.00,0.201,9.98,2.00598
2,10,20.00,0.406,19.23,7.80738
2,15,20.00,0.597,29.43,17.56971
2,20,20.00,0.797,39.18,31.22646
2,25,20.00,0.99,48.6,48.114
2,30,20.00,1.185,58.4,69.204
2,35,20.00,1.393,68.9,95.9777
2,40,20.00,1.592,78.1,124.3352
2,45,20.00,1.784,87.6,156.2784
2,50,20.00,1.996,97.4,194.4104
2,55,20.00,2.196,107.1,235.1916
2,60,20.00,2.391,116.9,279.5079
2,65,20.00,2.588,126.5,327.382
2,70,20.00,2.781,136.9,380.7189
2,75,20.00,2.987,146.1,436.4007
2,80,20.00,3.181,156,496.236
2,85,20.00,3.384,165.4,559.7136
2,90,20.00,3.583,175.5,628.8165
2,95,20.00,3.785,185.4,701.739
2,100,20.00,3.981,194.9,775.8969
2,5,30.00,0.291,9.7,2.8227
2,10,30.00,0.594,19.59,11.63646
2,15,30.00,0.88,29.03,25.5464
2,20,30.00,1.169,38.72,45.26368
2,25,30.00,1.461,48.2,70.4202
2,30,30.00,1.756,57.8,101.4968
2,35,30.00,2.051,67.3,138.0323
2,40,30.00,2.345,77.3,181.2685
2,45,30.00,2.646,87.2,230.7312
2,50,30.00,2.941,96.6,284.1006
2,55,30.00,3.227,106.4,343.3528
2,60,30.00,3.531,116.7,412.0677
2,65,30.00,3.808,125.6,478.2848
2,70,30.00,4.112,135.8,558.4096
2,75,30.00,4.389,144.9,635.9661
2,80,30.00,4.673,154.5,721.9785
2,85,30.00,4.967,164.4,816.5748
2,90,30.00,5.239,173.3,907.9187
2,95,30.00,5.514,182.5,1006.305
2,100,30.00,5.759,190.7,1098.2413
2,5,50.00,0.524,9.51,4.98324
2,10,50.00,1.044,18.94,19.77336
2,15,50.00,1.542,27.87,42.97554
2,20,50.00,2.087,37.82,78.93034
2,25,50.00,2.601,47.15,122.63715
2,30,50.00,3.14,56.96,178.8544
2,35,50.00,3.675,66.8,245.49
2,40,50.00,4.189,76.4,320.0396
2,45,50.00,4.707,85.8,403.8606
2,50,50.00,5.206,94.7,493.0082
2,55,50.00,5.668,103.2,584.9376
2,60,50.00,6.126,111.8,684.8868
2,65,50.00,6.477,117.6,761.6952
2,70,50.00,6.77,124.2,840.834
2,75,50.00,7.05,129.7,914.385
2,80,50.00,7.28,134.6,979.888
2,85,50.00,7.52,139.4,1048.288
2,90,50.00,7.72,143.2,1105.504
2,95,50.00,7.94,147.3,1169.562
2,100,50.00,8.1,150.6,1219.86
2,5,80.00,0.76,9.15,6.954
2,10,80.00,1.544,18.23,28.14712
2,15,80.00,2.356,27.71,65.28476
2,20,80.00,3.127,36.86,115.26122
2,25,80.00,3.933,46.29,182.05857
2,30,80.00,4.7,55.45,260.615
2,35,80.00,5.443,64.6,351.6178
2,40,80.00,6.113,72.4,442.5812
2,45,80.00,6.62,78.5,519.67
2,50,80.00,7.06,83.8,591.628
2,55,80.00,7.44,88.2,656.208
2,60,80.00,7.76,92.1,714.696
2,65,80.00,8.08,95.8,774.064
2,70,80.00,8.35,99.2,828.32
2,75,80.00,8.6,102.3,879.78
2,80,80.00,8.87,105.1,932.237
2,85,80.00,9.08,107.9,979.732
2,90,80.00,9.08,110.4,1002.432
2,95,80.00,9.48,112.9,1070.292
2,100,80.00,9.67,115.3,1114.951
2,5,100.00,0.951,8.52,8.10252
2,10,100.00,1.986,17.65,35.0529
2,15,100.00,2.99,27.05,80.8795
2,20,100.00,4.031,36.19,145.88189
2,25,100.00,5.018,45,225.81
2,30,100.00,5.894,52.7,310.6138
2,35,100.00,6.56,58.9,386.384
2,40,100.00,7.11,64,455.04
2,45,100.00,7.57,68.1,515.517
2,50,100.00,7.98,71.9,573.762
2,55,100.00,8.35,75.1,627.085
2,60,100.00,8.67,78,676.26
2,65,100.00,8.97,80.8,724.776
2,70,100.00,9.26,83.5,773.21
2,75,100.00,9.52,85.8,816.816
2,80,100.00,9.75,87.8,856.05
2,85,100.00,9.99,89.9,898.101
2,90,100.00,10.21,91.7,936.257
2,95,100.00,10.4,93.6,973.44
2,100,100.00,10.59,95.4,1010.286
3,5,5.00,0.098,16.48,1.61504
3,10,5.00,0.193,32.25,6.22425
3,15,5.00,0.289,48.32,13.96448
3,20,5.00,0.384,64.5,24.768
3,25,5.00,0.48,80.6,38.688
3,30,5.00,0.571,96.1,54.8731
3,35,5.00,0.66,111.4,73.524
3,40,5.00,0.735,127.6,93.786
3,45,5.00,0.798,144.1,114.9918
3,50,5.00,0.852,160.3,136.5756
3,55,5.00,0.897,175.4,157.3338
3,60,5.00,0.94,191.8,180.292
3,65,5.00,0.977,207.3,202.5321
3,70,5.00,1.008,222.5,224.28
3,75,5.00,1.029,236.6,243.4614
3,80,5.00,1.052,251.4,264.4728
3,85,5.00,1.065,263.1,280.2015
3,90,5.00,1.078,274.9,296.3422
3,95,5.00,1.087,286.4,311.3168
3,100,5.00,1.095,297.3,325.5435
3,5,10.00,0.164,16.43,2.69452
3,10,10.00,0.327,32.45,10.61115
3,15,10.00,0.49,48.52,23.7748
3,20,10.00,0.652,62,40.424
3,25,10.00,0.806,80.1,64.5606
3,30,10.00,0.968,96.2,93.1216
3,35,10.00,1.125,112.5,126.5625
3,40,10.00,1.261,127.8,161.1558
3,45,10.00,1.379,143,197.197
3,50,10.00,1.453,154.1,223.9073
3,55,10.00,1.511,164.8,249.0128
3,60,10.00,1.557,174.1,271.0737
3,65,10.00,1.599,182.5,291.8175
3,70,10.00,1.634,189.6,309.8064
3,75,10.00,1.668,197,328.596
3,80,10.00,1.699,203.4,345.5766
3,85,10.00,1.728,209.4,361.8432
3,90,10.00,1.759,215.7,379.4163
3,95,10.00,1.785,221.5,395.3775
3,100,10.00,1.809,226.2,409.1958
3,5,15.00,0.254,16.52,4.19608
3,10,15.00,0.501,32.24,16.15224
3,15,15.00,0.751,48.34,36.30334
3,20,15.00,0.992,64.2,63.6864
3,25,15.00,1.228,79.4,97.5032
3,30,15.00,1.474,95.5,140.767
3,35,15.00,1.627,105.6,171.8112
3,40,15.00,1.737,114,198.018
3,45,15.00,1.823,121.6,221.6768
3,50,15.00,1.886,127.6,240.6536
3,55,15.00,1.951,134.1,261.6291
3,60,15.00,2.007,139.5,279.9765
3,65,15.00,2.057,144.6,297.4422
3,70,15.00,2.104,149.4,314.3376
3,75,15.00,2.141,153.6,328.8576
3,80,15.00,2.184,157.7,344.4168
3,85,15.00,2.222,161.8,359.5196
3,90,15.00,2.259,165.5,373.8645
3,95,15.00,2.29,168.9,386.781
3,100,15.00,2.321,172.3,399.9083
3,5,20.00,0.341,16.29,5.55489
3,10,20.00,0.675,32.12,21.681
3,15,20.00,0.989,46.99,46.47311
3,20,20.00,1.312,62.9,82.5248
3,25,20.00,1.607,77,123.739
3,30,20.00,1.77,84.9,150.273
3,35,20.00,1.901,91.6,174.1316
3,40,20.00,2.011,97.5,196.0725
3,45,20.00,2.089,102.4,213.9136
3,50,20.00,2.155,106.3,229.0765
3,55,20.00,2.236,111.6,249.5376
3,60,20.00,2.29,115.3,264.037
3,65,20.00,2.344,119,278.936
3,70,20.00,2.398,122.7,294.2346
3,75,20.00,2.451,126.1,309.0711
3,80,20.00,2.485,128.4,319.074
3,85,20.00,2.53,131.4,332.442
3,90,20.00,2.564,133.9,343.3196
3,95,20.00,2.603,136.8,356.0904
3,100,20.00,2.639,139.2,367.3488
3,5,25.00,0.439,16.2,7.1118
3,10,25.00,0.861,31.72,27.31092
3,15,25.00,1.259,46.44,58.46796
3,20,25.00,1.609,59.9,96.3791
3,25,25.00,1.801,66.9,120.4869
3,30,25.00,1.946,72.3,140.6958
3,35,25.00,2.078,77.4,160.8372
3,40,25.00,2.177,81.2,176.7724
3,45,25.00,2.272,85.3,193.8016
3,50,25.00,2.345,88.4,207.298
3,55,25.00,2.422,91.7,222.0974
3,60,25.00,2.482,94.7,235.0454
3,65,25.00,2.54,97.3,247.142
3,70,25.00,2.591,100,259.1
3,75,25.00,2.649,102.5,271.5225
3,80,25.00,2.699,104.9,283.1251
3,85,25.00,2.745,107.2,294.264
3,90,25.00,2.791,109.2,304.7772
3,95,25.00,2.833,111.4,315.5962
3,100,25.00,2.873,113.3,325.5109
3,5,30.00,0.501,15.73,7.88073
3,10,30.00,1,31.67,31.67
3,15,30.00,1.472,46.32,68.18304
3,20,30.00,1.775,56.03,99.45325
3,25,30.00,1.955,62.3,121.7965
3,30,30.00,2.101,66.9,140.5569
3,35,30.00,2.236,71.3,159.4268
3,40,30.00,2.343,74.9,175.4907
3,45,30.00,2.435,78,189.93
3,50,30.00,2.522,81.2,204.7864
3,55,30.00,2.589,83.6,216.4404
3,60,30.00,2.657,86.2,229.0334
3,65,30.00,2.723,88.7,241.5301
3,70,30.00,2.787,90.8,253.0596
3,75,30.00,2.84,93,264.12
3,80,30.00,2.892,94.9,274.4508
3,85,30.00,2.949,97.3,286.9377
3,90,30.00,2.998,99.1,297.1018
3,95,30.00,3.05,100.8,307.44
3,100,30.00,3.082,102.5,315.905
3,5,35.00,0.571,15.83,9.03893
3,10,35.00,1.136,31.16,35.39776
3,15,35.00,1.621,44.51,72.15071
3,20,35.00,1.876,51.46,96.53896
3,25,35.00,2.061,56.48,116.40528
3,30,35.00,2.214,61.4,135.9396
3,35,35.00,2.343,64.9,152.0607
3,40,35.00,2.452,67.9,166.4908
3,45,35.00,2.545,70.4,179.168
3,50,35.00,2.632,73.2,192.6624
3,55,35.00,2.706,75.3,203.7618
3,60,35.00,2.779,77.7,215.9283
3,65,35.00,2.842,79.6,226.2232
3,70,35.00,2.905,81.7,237.3385
3,75,35.00,2.962,83.4,247.0308
3,80,35.00,3.016,85.2,256.9632
3,85,35.00,3.065,86.8,266.042
3,90,35.00,3.111,88.4,275.0124
3,95,35.00,3.157,89.8,283.4986
3,100,35.00,3.201,91.3,292.2513
3,5,40.00,0.648,15.58,10.09584
3,10,40.00,1.263,30.46,38.47098
3,15,40.00,1.681,40.46,68.01326
3,20,40.00,1.93,46.45,89.6485
3,25,40.00,2.123,51.12,108.52776
3,30,40.00,2.271,54.61,124.01931
3,35,40.00,2.403,57.69,138.62907
3,40,40.00,2.51,61,153.11
3,45,40.00,2.205,63.4,139.797
3,50,40.00,2.693,65.5,176.3915
3,55,40.00,2.784,67.9,189.0336
3,60,40.00,2.853,69.7,198.8541
3,65,40.00,2.925,71.6,209.43
3,70,40.00,2.982,73.2,218.2824
3,75,40.00,3.041,74.7,227.1627
3,80,40.00,3.095,76.2,235.839
3,85,40.00,3.157,77.9,245.9303
3,90,40.00,3.206,79.3,254.2358
3,95,40.00,3.251,80.5,261.7055
3,100,40.00,3.293,81.7,269.0381
3,5,45.00,0.714,15.43,11.01702
3,10,45.00,1.374,29.49,40.51926
3,15,45.00,1.774,38.22,67.80228
3,20,45.00,2.013,43.39,87.34407
3,25,45.00,2.214,47.72,105.65208
3,30,45.00,2.353,50.56,118.96768
3,35,45.00,2.485,53.47,132.87295
3,40,45.00,2.61,56.02,146.2122
3,45,45.00,2.712,57.91,157.05192
3,50,45.00,2.801,59.42,166.43542
3,55,45.00,2.889,62.9,181.7181
3,60,45.00,2.967,64.7,191.9649
3,65,45.00,3.039,66.4,201.7896
3,70,45.00,3.102,67.9,210.6258
3,75,45.00,3.166,69.3,219.4038
3,80,45.00,3.222,70.8,228.1176
3,85,45.00,3.279,72.1,236.4159
3,90,45.00,3.33,73.4,244.422
3,95,45.00,3.374,74.5,251.363
3,100,45.00,3.421,75.7,258.9697
4,5,5.00,0.153,22.19,3.39507
4,10,5.00,0.2798,44.1,12.33918
4,15,5.00,0.418,65.4,27.3372
4,20,5.00,0.562,86.3,48.5006
4,25,5.00,0.701,106.8,74.8668
4,30,5.00,0.819,129.2,105.8148
4,35,5.00,0.912,151.1,137.8032
4,40,5.00,0.988,172.3,170.2324
4,45,5.00,1.056,192.8,203.5968
4,50,5.00,1.117,214.7,239.8199
4,55,5.00,1.176,235.4,276.8304
4,60,5.00,1.223,257.3,314.6779
4,65,5.00,1.229,278.1,341.7849
4,70,5.00,1.299,299.3,388.7907
4,75,5.00,1.38,320.9,442.842
4,80,5.00,1.432,342.6,490.6032
4,85,5.00,1.473,364.8,537.3504
4,90,5.00,1.524,384.7,586.2828
4,95,5.00,1.585,407.5,645.8875
4,100,5.00,1.601,428.2,685.5482
4,5,15.00,0.373,22.14,8.25822
4,10,15.00,0.732,43.87,32.11284
4,15,15.00,1.086,64.8,70.3728
4,20,15.00,1.432,85.5,122.436
4,25,15.00,1.784,107,190.888
4,30,15.00,2.109,128,269.952
4,35,15.00,2.406,149.5,359.697
4,40,15.00,2.672,169.8,453.7056
4,45,15.00,2.951,191.4,564.8214
4,50,15.00,3.176,210.6,668.8656
4,55,15.00,3.369,228.4,769.4796
4,60,15.00,3.514,243.1,854.2534
4,65,15.00,3.636,255.5,928.998
4,70,15.00,3.745,266.5,998.0425
4,75,15.00,3.851,276.7,1065.5717
4,80,15.00,3.945,285.6,1126.692
4,85,15.00,4.052,293.3,1188.4516
4,90,15.00,4.13,301,1243.13
4,95,15.00,4.196,308.2,1293.2072
4,100,15.00,4.258,315.4,1342.9732
4,5,30.00,0.647,21.41,13.85227
4,10,30.00,1.278,42.8,54.6984
4,15,30.00,1.876,62.7,117.6252
4,20,30.00,2.485,82.6,205.261
4,25,30.00,3.075,102.6,315.495
4,30,30.00,3.495,116.8,408.216
4,35,30.00,3.782,126.3,477.6666
4,40,30.00,4.027,134.4,541.2288
4,45,30.00,4.231,141.3,597.8403
4,50,30.00,4.44,148.2,658.008
4,55,30.00,4.618,154.1,711.6338
4,60,30.00,4.771,159.7,761.9287
4,65,30.00,4.92,164.6,809.832
4,70,30.00,5.053,169.2,854.9676
4,75,30.00,5.189,173.7,901.3293
4,80,30.00,5.305,177.5,941.6375
4,85,30.00,5.424,181.4,983.9136
4,90,30.00,5.526,184.5,1019.547
4,95,30.00,5.668,189.4,1073.5192
4,100,30.00,5.755,192.6,1108.413
4,5,50,1.085,20.65,22.40525
4,10,50,2.136,40.7,86.9352
4,15,50,3.107,59.8,185.7986
4,20,50,3.817,73.6,280.9312
4,25,50,4.259,82.3,350.5157
4,30,50,4.599,88.9,408.8511
4,35,50,4.912,94.3,463.2016
4,40,50,5.138,100.1,514.3138
4,45,50,5.352,104.9,561.4248
4,50,50,5.535,108.8,602.208
4,55,50,5.718,112.7,644.4186
4,60,50,5.881,116.2,683.3722
4,65,50,6.029,119.8,722.2742
4,70,50,6.171,122.7,757.1817
4,75,50,6.297,125.6,790.9032
4,80,50,6.422,128.2,823.3004
4,85,50,6.532,130.9,855.0388
4,90,50,6.62,133.2,881.784
4,95,50,6.59,134.1,883.719
4,100,50,6.77,138.1,934.937
4,5,105,2.028,19.76,40.07328
4,10,105,3.495,33.62,117.5019
4,15,105,4.298,41.44,178.10912
4,20,105,4.876,47.2,230.1472
4,25,105,5.319,51.56,274.24764
4,30,105,5.665,55.01,311.63165
4,35,105,5.979,57.92,346.30368
4,40,105,6.258,61.7,386.1186
4,45,105,6.522,64.5,420.669
4,50,105,6.78,66.9,453.582
4,55,105,6.92,68.9,476.788
4,60,105,7.1,70.9,503.39
4,65,105,7.26,72.7,527.802
4,70,105,7.48,75.1,561.748
4,75,105,7.63,76.7,585.221
4,80,105,7.74,78,603.72
4,85,105,7.87,79.5,625.665
4,90,105,7.95,80.3,638.385
4,95,105,8.09,82.1,664.189
4,100,105,8.23,83.4,686.382
4,5,150,3.964,25.83,102.39012
4,10,150,4.737,30.97,146.70489
4,15,150,4.806,31.46,151.19676
4,20,150,5.354,35.05,187.6577
4,25,150,5.745,37.82,217.2759
4,30,150,6.129,40.36,247.36644
4,35,150,6.43,42.42,272.7606
4,40,150,6.69,44.31,296.4339
4,45,150,6.94,45.96,318.9624
4,50,150,7.17,47.48,340.4316
4,55,150,7.38,48.75,359.775
4,60,150,7.58,49.86,377.9388
4,65,150,7.77,50.79,394.6383
4,70,150,7.94,51.49,408.8306
4,75,150,8.09,54.7,442.523
4,80,150,8.26,56,462.56
4,85,150,8.41,57,479.37
4,90,150,8.57,58.1,497.917
4,95,150,8.69,59.1,513.579
4,100,150,8.81,60.2,530.362
4,5,220,3.062,13.86,42.43932
4,10,220,4.41,20.06,88.4646
4,15,220,5.207,23.68,123.30176
4,20,220,5.818,26.57,154.58426
4,25,220,6.292,28.74,180.83208
4,30,220,6.65,30.55,203.1575
4,35,220,7,32.12,224.84
4,40,220,7.3,33.59,245.207
4,45,220,7.58,34.89,264.4662
4,50,220,7.84,36.12,283.1808
4,55,220,8.08,37.23,300.8184
4,60,220,8.32,38.32,318.8224
4,65,220,8.52,39.24,334.3248
4,70,220,8.71,40.05,348.8355
4,75,220,8.88,40.71,361.5048
4,80,220,9.04,41.37,373.9848
4,85,220,9.21,41.95,386.3595
4,90,220,9.39,42.44,398.5116
4,95,220,9.52,42.83,407.7416
4,100,220,9.66,43.24,417.6984
4,5,560,3.736,6.73,25.14328
4,10,560,5.25,9.47,49.7175
4,15,560,6.146,11.09,68.15914
4,20,560,6.81,12.35,84.1035
4,25,560,7.33,13.28,97.3424
4,30,560,7.81,14.14,110.4334
4,35,560,8.19,14.84,121.5396
4,40,560,8.55,15.5,132.525
4,45,560,8.85,16.06,142.131
4,50,560,9.06,16.45,149.037
4,55,560,9.35,16.96,158.576
4,60,560,9.64,17.43,168.0252
4,65,560,9.87,17.91,176.7717
4,70,560,10.11,18.34,185.4174
4,75,560,10.35,18.8,194.58
4,80,560,10.48,19.05,199.644
4,85,560,10.76,19.56,210.4656
4,90,560,10.99,19.97,219.4703
4,95,560,11.18,20.31,227.0658
4,100,560,11.34,20.64,234.0576
4,5,1000,3.93,4.07,15.9951
4,10,1000,5.681,5.85,33.23385
4,15,1000,6.492,6.69,43.43148
4,20,1000,7.18,7.44,53.4192
4,25,1000,7.82,8.01,62.6382
4,30,1000,8.28,8.54,70.7112
4,35,1000,8.74,9.05,79.097
4,40,1000,9.17,9.46,86.7482
4,45,1000,9.52,9.84,93.6768
4,50,1000,9.91,10.23,101.3793
4,55,1000,10.3,10.6,109.18
4,60,1000,10.6,10.92,115.752
4,65,1000,10.89,11.23,122.2947
4,70,1000,11.2,11.55,129.36
4,75,1000,11.44,11.82,135.2208
4,80,1000,11.69,12.09,141.3321
4,85,1000,11.96,12.36,147.8256
4,90,1000,12.19,12.6,153.594
4,95,1000,12.43,12.83,159.4769
4,100,1000,12.63,13.01,164.3163
5,5,5,0.115,17.26,1.9849
5,10,5,0.229,34.25,7.84325
5,15,5,0.345,51.3,17.6985
5,20,5,0.459,68.3,31.3497
5,25,5,0.575,85.5,49.1625
5,30,5,0.682,101.7,69.3594
5,35,5,0.805,120.4,96.922
5,40,5,0.911,135.5,123.4405
5,45,5,1.025,153.1,156.9275
5,50,5,1.138,170.7,194.2566
5,55,5,1.255,188.3,236.3165
5,60,5,1.367,205.4,280.7818
5,65,5,1.482,220.3,326.4846
5,70,5,1.591,236.9,376.9079
5,75,5,1.703,254.6,433.5838
5,80,5,1.821,271.1,493.6731
5,85,5,1.935,288.6,558.441
5,90,5,2.059,304.8,627.5832
5,95,5,2.172,322.3,700.0356
5,100,5,2.299,340.1,781.8899
5,5,15,0.258,17.56,4.53048
5,10,15,0.506,34.28,17.34568
5,15,15,0.754,51.1,38.5294
5,20,15,0.958,65.2,62.4616
5,25,15,1.245,84.1,104.7045
5,30,15,1.499,101.2,151.6988
5,35,15,1.756,117.4,206.1544
5,40,15,1.995,134.2,267.729
5,45,15,2.255,151.6,341.858
5,50,15,2.505,168.4,421.842
5,55,15,2.758,184.9,509.9542
5,60,15,3.004,201.7,605.9068
5,65,15,3.252,218.5,710.562
5,70,15,3.501,235.3,823.7853
5,75,15,3.758,252.1,947.3918
5,80,15,3.981,267.2,1063.7232
5,85,15,4.212,282.2,1188.6264
5,90,15,4.421,296.9,1312.5949
5,95,15,4.598,308.8,1419.8624
5,100,15,4.743,318.6,1511.1198
5,5,30,0.511,17.05,8.71255
5,10,30,1.007,33.58,33.81506
5,15,30,1.478,49.1,72.5698
5,20,30,1.987,66.3,131.7381
5,25,30,2.478,82.4,204.1872
5,30,30,2.971,99.1,294.4261
5,35,30,3.451,115.2,397.5552
5,40,30,3.942,131.7,519.1614
5,45,30,4.378,145.9,638.7502
5,50,30,4.801,160.2,769.1202
5,55,30,5.095,170.1,866.6595
5,60,30,5.365,179.2,961.408
5,65,30,5.588,186.5,1042.162
5,70,30,5.791,193.4,1119.9794
5,75,30,5.975,199.1,1189.6225
5,80,30,6.143,204.9,1258.7007
5,85,30,6.302,210.3,1325.3106
5,90,30,6.458,215.6,1392.3448
5,95,30,6.596,220.1,1451.7796
5,100,30,6.71,224.9,1509.079
5,5,50,0.532,16.85,8.9642
5,10,50,1.659,32.65,54.16635
5,15,50,2.445,47.67,116.55315
5,20,50,3.26,65.1,212.226
5,25,50,4.03,80.2,323.206
5,30,50,4.7,93.2,438.04
5,35,50,5.22,103.3,539.226
5,40,50,5.61,111.4,624.954
5,45,50,5.93,118.4,702.112
5,50,50,6.2,124.2,770.04
5,55,50,6.45,129.8,837.21
5,60,50,6.68,134.5,898.46
5,65,50,6.88,139.6,960.448
5,70,50,7.05,143.7,1013.085
5,75,50,7.26,147.3,1069.398
5,80,50,7.4,151.4,1120.36
5,85,50,7.56,154.8,1170.288
5,90,50,7.7,157.9,1215.83
5,95,50,7.81,161.3,1259.753
5,100,50,7.96,164.1,1306.236
5,5,75,1.19,16.02,19.0638
5,10,75,2.35,31.36,73.696
5,15,75,3.48,45.94,159.8712
5,20,75,4.54,61.5,279.21
5,25,75,5.24,69.4,363.656
5,30,75,5.77,76.8,443.136
5,35,75,6.2,82.3,510.26
5,40,75,6.56,87.1,571.376
5,45,75,6.88,91.3,628.144
5,50,75,7.14,95.5,681.87
5,55,75,7.4,98.9,731.86
5,60,75,7.64,102.1,780.044
5,65,75,7.86,105.2,826.872
5,70,75,8.04,107.8,866.712
5,75,75,8.23,110.6,910.238
5,80,75,8.42,112.9,950.618
5,85,75,8.58,115.4,990.132
5,90,75,8.74,117.6,1027.824
5,95,75,8.89,119.8,1065.022
5,100,75,9.03,121.9,1100.757
5,5,103,1.51,14.76,22.2876
5,10,103,3.02,29.63,89.4826
5,15,103,4.36,42.51,185.3436
5,20,103,5.29,51.57,272.8053
5,25,103,5.92,57.71,341.6432
5,30,103,6.43,62.9,404.447
5,35,103,6.86,67.5,463.05
5,40,103,7.22,70.9,511.898
5,45,103,7.55,73.8,557.19
5,50,103,7.82,76.8,600.576
5,55,103,8.09,79.3,641.537
5,60,103,8.32,81.9,681.408
5,65,103,8.55,84.1,719.055
5,70,103,8.77,86.2,755.974
5,75,103,8.96,88.3,791.168
5,80,103,9.13,90.2,823.526
5,85,103,9.33,91.8,856.494
5,90,103,9.49,93.6,888.264
5,95,103,9.64,95.2,917.728
5,100,103,9.81,96.8,949.608
5,5,155,2.1,13.5,28.35
5,10,155,4.07,25.82,105.0874
5,15,155,5.35,33.97,181.7395
5,20,155,6.16,38.76,238.7616
5,25,155,6.78,42.65,289.167
5,30,155,7.26,46.98,341.0748
5,35,155,7.69,49.1,377.579
5,40,155,8.06,51.5,415.09
5,45,155,8.4,53.5,449.4
5,50,155,8.71,55.5,483.405
5,55,155,8.99,57.15,513.7785
5,60,155,9.24,58.45,540.078
5,65,155,9.49,58.91,559.0559
5,70,155,9.73,59.56,579.5188
5,75,155,9.95,63.6,632.82
5,80,155,10.14,64.9,658.086
5,85,155,10.36,66.2,685.832
5,90,155,10.51,67.5,709.425
5,95,155,10.72,68.7,736.464
5,100,155,10.91,69.5,758.245
5,5,205,2.11,13.56,28.6116
5,10,205,4.02,25.75,103.515
5,15,205,5.32,34.06,181.1992
5,20,205,6.12,39,238.68
5,25,205,6.73,42.9,288.717
5,30,205,7.23,45.92,332.0016
5,35,205,7.67,48.76,373.9892
5,40,205,8.03,51.24,411.4572
5,45,205,8.39,53.34,447.5226
5,50,205,8.69,55.07,478.5583
5,55,205,8.94,56.65,506.451
5,60,205,9.22,57.83,533.1926
5,65,205,9.49,58.76,557.6324
5,70,205,9.71,59.62,578.9102
5,75,205,9.91,63.8,632.258
5,80,205,10.1,65.1,657.51
5,85,205,10.32,66.3,684.216
5,90,205,10.47,67.5,706.725
5,95,205,10.66,68.7,732.342
5,100,205,10.79,69.9,754.221
5,5,255,2.82,11.17,31.4994
5,10,255,4.89,19.11,93.4479
5,15,255,6.08,23.95,145.616
5,20,255,6.87,27.04,185.7648
5,25,255,7.49,29.48,220.8052
5,30,255,8.02,31.49,252.5498
5,35,255,8.47,33.45,283.3215
5,40,255,8.91,34.77,309.8007
5,45,255,9.25,36.33,336.0525
5,50,255,9.58,37.64,360.5912
5,55,255,9.86,38.91,383.6526
5,60,255,10.16,39.99,406.2984
5,65,255,10.45,40.98,428.241
5,70,255,10.69,41.93,448.2317
5,75,255,10.94,42.82,468.4508
5,80,255,11.19,43.56,487.4364
5,85,255,11.42,44.32,506.1344
5,90,255,11.58,45.06,521.7948
5,95,255,11.81,45.61,538.6541
5,100,255,11.97,46.08,551.5776
5,5,350,3.25,9.15,29.7375
5,10,350,5.39,15.25,82.1975
5,15,350,6.48,18.32,118.7136
5,20,350,7.29,20.45,149.0805
5,25,350,7.95,22.38,177.921
5,30,350,8.51,23.93,203.6443
5,35,350,8.98,25.28,227.0144
5,40,350,9.41,26.58,250.1178
5,45,350,9.79,27.53,269.5187
5,50,350,10.16,28.62,290.7792
5,55,350,10.49,29.61,310.6089
5,60,350,10.83,30.29,328.0407
5,65,350,11.11,31.14,345.9654
5,70,350,11.35,31.98,362.973
5,75,350,11.63,32.61,379.2543
5,80,350,11.96,33.34,398.7464
5,85,350,12.11,33.99,411.6189
5,90,350,12.32,34.62,426.5184
5,95,350,12.54,35.22,441.6588
5,100,350,12.78,35.67,455.8626
6,5,5,0.123,20.76,2.55348
6,10,5,0.24,40.5,9.72
6,15,5,0.366,61.1,22.3626
6,20,5,0.491,81.7,40.1147
6,25,5,0.602,100.2,60.3204
6,30,5,0.708,120.5,85.314
6,35,5,0.792,140.5,111.276
6,40,5,0.859,160.9,138.2131
6,45,5,0.919,180.5,165.8795
6,50,5,0.972,201.5,195.858
6,55,5,1.019,222.1,226.3199
6,60,5,1.068,239.9,256.2132
6,65,5,1.111,259.8,288.6378
6,70,5,1.155,281.9,325.5945
6,75,5,1.197,301.8,361.2546
6,80,5,1.234,322.1,397.4714
6,85,5,1.274,342.4,436.2176
6,90,5,1.311,362.1,474.7131
6,95,5,1.351,382.4,516.6224
6,100,5,1.391,399.8,556.1218
6,5,10,0.225,20.53,4.61925
6,10,10,0.449,40.69,18.26981
6,15,10,0.662,60.2,39.8524
6,20,10,0.996,80.4,80.0784
6,25,10,1.108,100.9,111.7972
6,30,10,1.309,120.6,157.8654
6,35,10,1.486,139.7,207.5942
6,40,10,1.665,162.3,270.2295
6,45,10,1.811,180.6,327.0666
6,50,10,1.949,199.2,388.2408
6,55,10,2.099,220.2,462.1998
6,60,10,2.236,240.1,536.8636
6,65,10,2.369,258.7,612.8603
6,70,10,2.526,281.1,710.0586
6,75,10,2.695,299.5,807.1525
6,80,10,2.843,320.9,912.3187
6,85,10,2.974,340.2,1011.7548
6,90,10,3.083,359.9,1109.5717
6,95,10,3.223,379.8,1224.0954
6,100,10,3.368,404.7,1363.0296
6,5,15,0.335,20.58,6.8943
6,10,15,0.669,41.2,27.5628
6,15,15,1.002,62.1,62.2242
6,20,15,1.346,83.8,112.7948
6,25,15,1.624,100.1,162.5624
6,30,15,1.929,119.5,230.5155
6,35,15,2.22,139.8,310.356
6,40,15,2.475,159.1,393.7725
6,45,15,2.742,179.4,491.9148
6,50,15,2.981,198.2,590.8342
6,55,15,3.223,218.1,702.9363
6,60,15,3.468,238.5,827.118
6,65,15,3.689,256.8,947.3352
6,70,15,3.928,278.4,1093.5552
6,75,15,4.166,298.6,1243.9676
6,80,15,4.361,316.2,1378.9482
6,85,15,4.608,338.3,1558.8864
6,90,15,4.836,357.5,1728.87
6,95,15,5.083,375.4,1908.1582
6,100,15,5.313,395.5,2101.2915
6,5,30,0.585,20.07,11.74095
6,10,30,1.157,39.57,45.78249
6,15,30,1.711,58.6,100.2646
6,20,30,2.285,78.1,178.4585
6,25,30,2.875,98.4,282.9
6,30,30,3.389,116.1,393.4629
6,35,30,3.981,136.5,543.4065
6,40,30,4.533,155.8,706.2414
6,45,30,5.063,174.2,881.9746
6,50,30,5.614,193.4,1085.7476
6,55,30,6.146,210.2,1291.8892
6,60,30,6.556,223.9,1467.8884
6,65,30,6.85,234.3,1604.955
6,70,30,7.12,244.4,1740.128
6,75,30,7.41,254.3,1884.363
6,80,30,7.67,263.1,2017.977
6,85,30,7.86,270.8,2128.488
6,90,30,8.04,277.6,2231.904
6,95,30,8.25,283,2334.75
6,100,30,8.39,289.9,2432.261
6,5,40,0.834,19.91,16.60494
6,10,40,1.658,38.93,64.54594
6,15,40,2.441,58.6,143.0426
6,20,40,3.215,77.3,248.5195
6,25,40,4.047,96.3,389.7261
6,30,40,4.829,115.9,559.6811
6,35,40,5.494,133.5,733.449
6,40,40,6.162,150.8,929.2296
6,45,40,6.63,164.9,1093.287
6,50,40,7.06,177.2,1251.032
6,55,40,7.38,186.8,1378.584
6,60,40,7.59,200.4,1521.036
6,65,40,7.89,208.1,1641.909
6,70,40,8.14,215.1,1750.914
6,75,40,8.4,221.1,1857.24
6,80,40,8.61,227.5,1958.775
6,85,40,8.82,233.1,2055.942
6,90,40,9.03,238.2,2150.946
6,95,40,9.21,243.6,2243.556
6,100,40,9.33,251.8,2349.294
6,5,50,0.965,19.59,18.90435
6,10,50,1.944,39.37,76.53528
6,15,50,2.828,57.11,161.50708
6,20,50,3.821,77.7,296.8917
6,25,50,4.754,96.7,459.7118
6,30,50,5.6,114.9,643.44
6,35,50,6.34,129.8,822.932
6,40,50,6.93,142.8,989.604
6,45,50,7.39,152.8,1129.192
6,50,50,7.76,161.4,1252.464
6,55,50,8.08,169.1,1366.328
6,60,50,8.39,176.1,1477.479
6,65,50,8.66,181.8,1574.388
6,70,50,8.92,187.7,1674.284
6,75,50,9.16,193.1,1768.796
6,80,50,9.38,198.4,1860.992
6,85,50,9.58,203.1,1945.698
6,90,50,9.78,208.2,2036.196
6,95,50,9.97,211.6,2109.652
6,100,50,10.14,216.3,2193.282
6,5,60,1.13,19.53,22.0689
6,10,60,2.26,38.31,86.5806
6,15,60,3.35,57.3,191.955
6,20,60,4.45,75.8,337.31
6,25,60,5.48,93.3,511.284
6,30,60,6.39,108.4,692.676
6,35,60,7.05,120.6,850.23
6,40,60,7.57,129.1,977.287
6,45,60,7.98,137.2,1094.856
6,50,60,8.34,144.3,1203.462
6,55,60,8.69,149.9,1302.631
6,60,60,8.98,156.2,1402.676
6,65,60,9.26,161.3,1493.638
6,70,60,9.51,166.7,1585.317
6,75,60,9.76,170.8,1667.008
6,80,60,9.98,175,1746.5
6,85,60,10.18,179.1,1823.238
6,90,60,10.38,182.6,1895.388
6,95,60,10.57,186.2,1968.134
6,100,60,10.73,189.4,2032.262
6,5,70,1.178,19.85,23.3833
6,10,70,2.289,38.64,88.44696
6,15,70,3.397,57.6,195.6672
6,20,70,4.471,75.7,338.4547
6,25,70,5.49,93.5,513.315
6,30,70,6.34,107.4,680.916
6,35,70,7.02,119.9,841.698
6,40,70,7.45,129.6,965.52
6,45,70,7.95,136.3,1083.585
6,50,70,8.32,143.2,1191.424
6,55,70,8.66,149.7,1296.402
6,60,70,8.95,155.3,1389.935
6,65,70,9.21,161.1,1483.731
6,70,70,9.51,165.3,1572.003
6,75,70,9.73,170.1,1655.073
6,80,70,9.96,174.1,1734.036
6,85,70,10.15,177.9,1805.685
6,90,70,10.35,181.7,1880.595
6,95,70,10.53,185.4,1952.262
6,100,70,10.72,188.8,2023.936
6,5,80,1.14,19.52,22.2528
6,10,80,2.25,38.1,85.725
6,15,80,3.31,55.83,184.7973
6,20,80,4.43,74.8,331.364
6,25,80,5.51,93.1,512.981
6,30,80,6.4,105.2,673.28
6,35,80,7.09,119.8,849.382
6,40,80,7.59,129.1,979.869
6,45,80,8.01,137.1,1098.171
6,50,80,8.37,143.8,1203.606
6,55,80,8.7,150,1305
6,60,80,8.99,155.6,1398.844
6,65,80,9.27,160.8,1490.616
6,70,80,9.53,165.7,1579.121
6,75,80,9.77,170,1660.9
6,80,80,10,174.5,1745
6,85,80,10.2,178.3,1818.66
6,90,80,10.39,182,1890.98
6,95,80,10.58,185.5,1962.59
6,100,80,10.77,188.7,2032.299
7,5,15,0.235,14.69,3.45215
7,10,15,0.467,29.04,13.56168
7,15,15,0.694,42.81,29.71014
7,20,15,0.929,57.9,53.7891
7,25,15,1.157,71.8,83.0726
7,30,15,1.382,85.6,118.2992
7,35,15,1.608,99.8,160.4784
7,40,15,1.846,115.1,212.4746
7,45,15,2.038,127.9,260.6602
7,50,15,2.243,142.8,320.3004
7,55,15,2.423,156.2,378.4726
7,60,15,2.604,170.3,443.4612
7,65,15,2.781,185.2,515.0412
7,70,15,2.951,199.1,587.5441
7,75,15,3.124,213.3,666.3492
7,80,15,3.291,227.6,749.0316
7,85,15,3.456,241.4,834.2784
7,90,15,3.615,255.5,923.6325
7,95,15,3.771,269.8,1017.4158
7,100,15,3.956,285.9,1131.0204
7,5,25,0.393,14.85,5.83605
7,10,25,0.774,29.03,22.46922
7,15,25,1.139,42.41,48.30499
7,20,25,1.526,56.83,86.72258
7,25,25,1.895,71.1,134.7345
7,30,25,2.275,85.3,194.0575
7,35,25,2.649,99.2,262.7808
7,40,25,3.011,113.3,341.1463
7,45,25,3.364,127.4,428.5736
7,50,25,3.706,141.5,524.399
7,55,25,4.021,155.1,623.6571
7,60,25,4.337,168.8,732.0856
7,65,25,4.669,183.2,855.3608
7,70,25,4.959,196.8,975.9312
7,75,25,5.283,211.1,1115.2413
7,80,25,5.591,225.2,1259.0932
7,85,25,5.896,238.9,1408.5544
7,90,25,6.181,252.6,1561.3206
7,95,25,6.465,266.4,1722.276
7,100,25,6.71,279.7,1876.787
7,5,35,0.543,14.68,7.97124
7,10,35,1.068,28.71,30.66228
7,15,35,1.575,42.21,66.48075
7,20,35,2.212,56.53,125.04436
7,25,35,2.615,70.4,184.096
7,30,35,3.141,84.5,265.4145
7,35,35,3.654,98.4,359.5536
7,40,35,4.142,111.7,462.6614
7,45,35,4.644,125.9,584.6796
7,50,35,5.127,139.8,716.7546
7,55,35,5.609,154.1,864.3469
7,60,35,6.036,166.8,1006.8048
7,65,35,6.473,180.5,1168.3765
7,70,35,6.85,193.4,1324.79
7,75,35,7.23,205.8,1487.934
7,80,35,7.57,216.3,1637.391
7,85,35,7.84,225.9,1771.056
7,90,35,8.08,234.6,1895.568
7,95,35,8.3,242.5,2012.75
7,100,35,8.53,249.1,2124.823
7,5,45,0.66,14.15,9.339
7,10,45,1.322,28.25,37.3465
7,15,45,1.961,41.76,81.89136
7,20,45,2.604,55.44,144.36576
7,25,45,3.243,69.5,225.3885
7,30,45,3.993,83.2,332.2176
7,35,45,4.515,96.9,437.5035
7,40,45,5.131,110.1,564.9231
7,45,45,5.751,123.9,712.5489
7,50,45,6.322,136.8,864.8496
7,55,45,6.86,150.1,1029.686
7,60,45,7.6,161.4,1226.64
7,65,45,7.76,171.3,1329.288
7,70,45,8.12,179.8,1459.976
7,75,45,8.41,187.3,1575.193
7,80,45,8.67,194.4,1685.448
7,85,45,8.93,200.6,1791.358
7,90,45,9.15,206.1,1885.815
7,95,45,9.36,211.7,1981.512
7,100,45,9.55,216.8,2070.44
7,5,60,0.858,14.16,12.14928
7,10,60,1.678,27.56,46.24568
7,15,60,2.488,41.52,103.30176
7,20,60,3.326,54.96,182.79696
7,25,60,4.141,69.1,286.1431
7,30,60,4.974,82.7,411.3498
7,35,60,5.708,94.9,541.6892
7,40,60,6.476,107.8,698.1128
7,45,60,7.16,120.1,859.916
7,50,60,7.74,130.2,1007.748
7,55,60,8.18,138.1,1129.658
7,60,60,8.59,145.3,1248.127
7,65,60,8.92,151.7,1353.164
7,70,60,9.23,157.2,1450.956
7,75,60,9.51,162.1,1541.571
7,80,60,9.78,166.9,1632.282
7,85,60,10.05,171.4,1722.57
7,90,60,10.24,175.6,1798.144
7,95,60,10.44,179.7,1876.068
7,100,60,10.66,183.3,1953.978
7,5,70,0.977,13.79,13.47283
7,10,70,1.948,27.61,53.78428
7,15,70,2.891,40.8,117.9528
7,20,70,3.854,54.5,210.043
7,25,70,4.788,67.7,324.1476
7,30,70,5.708,80.8,461.2064
7,35,70,6.582,93.2,613.4424
7,40,70,7.37,104.2,767.954
7,45,70,7.99,112.6,899.674
7,50,70,8.49,119.7,1016.253
7,55,70,8.92,125.8,1122.136
7,60,70,9.23,132.3,1221.129
7,65,70,9.53,137.8,1313.234
7,70,70,9.8,143.2,1403.36
7,75,70,10.11,146.9,1485.159
7,80,70,10.37,151.1,1566.907
7,85,70,10.62,154.7,1642.914
7,90,70,10.85,157.8,1712.13
7,95,70,11.07,161.3,1785.591
7,100,70,11.26,164.7,1854.522
7,5,80,1.076,13.56,14.59056
7,10,80,2.121,26.59,56.39739
7,15,80,3.189,39.92,127.30488
7,20,80,4.245,53.6,227.532
7,25,80,5.271,66.4,349.9944
7,30,80,6.27,79.3,497.211
7,35,80,7.15,90.1,644.215
7,40,80,7.86,98.9,777.354
7,45,80,8.43,106.5,897.795
7,50,80,8.89,112.6,1001.014
7,55,80,9.29,117.8,1094.362
7,60,80,9.65,122.7,1184.055
7,65,80,9.99,126.9,1267.731
7,70,80,10.31,131.1,1351.641
7,75,80,10.57,135.2,1429.064
7,80,80,10.83,138.4,1498.872
7,85,80,11.06,141.8,1568.308
7,90,80,11.3,144.8,1636.24
7,95,80,11.5,147.5,1696.25
7,100,80,11.72,150.6,1765.032
7,5,90,1.226,13.72,16.82072
7,10,90,2.369,26.31,62.32839
7,15,90,3.564,39.47,140.67108
7,20,90,4.728,52.43,247.88904
7,25,90,5.871,65.6,385.1376
7,30,90,6.88,77.1,530.448
7,35,90,7.72,86.3,666.236
7,40,90,8.33,93.2,776.356
7,45,90,8.88,99.1,880.008
7,50,90,9.32,104.2,971.144
7,55,90,9.73,109.1,1061.543
7,60,90,10.1,112.9,1140.29
7,65,90,10.39,117.2,1217.708
7,70,90,10.7,120.4,1288.28
7,75,90,10.89,124.1,1351.449
7,80,90,11.32,126.8,1435.376
7,85,90,11.38,129.9,1478.262
7,90,90,11.72,132.5,1552.9
7,95,90,11.921,135.2,1611.7192
7,100,90,12.11,137.6,1666.336
7,5,100,1.316,13.74,18.08184
7,10,100,2.549,26.31,67.06419
7,15,100,3.768,38.86,146.42448
7,20,100,4.981,51.38,255.92378
7,25,100,6.202,64.7,401.2694
7,30,100,7.25,75.7,548.825
7,35,100,7.99,83.6,667.964
7,40,100,8.64,90.1,778.464
7,45,100,9.15,95.5,873.825
7,50,100,9.6,99.9,959.04
7,55,100,9.98,104.4,1041.912
7,60,100,10.33,108.7,1122.871
7,65,100,10.68,112.1,1197.228
7,70,100,10.95,115.9,1269.105
7,75,100,11.23,118.6,1331.878
7,80,100,11.52,121.2,1396.224
7,85,100,11.76,123.8,1455.888
7,90,100,12.01,126.4,1518.064
7,95,100,12.31,128.7,1584.297
7,100,100,12.41,131.2,1628.192
7,5,120,1.581,12.73,20.12613
7,10,120,3.132,24.99,78.26868
7,15,120,4.671,37.56,175.44276
7,20,120,6.12,49.7,304.164
7,25,120,7.35,59.4,436.59
7,30,120,8.23,66.8,549.764
7,35,120,8.91,72.2,643.302
7,40,120,9.49,77.1,731.679
7,45,120,9.97,81.1,808.567
7,50,120,10.41,84.5,879.645
7,55,120,10.82,87.9,951.078
7,60,120,11.17,90.7,1013.119
7,65,120,11.51,93.2,1072.732
7,70,120,11.79,96.1,1133.019
7,75,120,12.08,98.3,1187.464
7,80,120,12.37,100.4,1241.948
7,85,120,12.63,102.5,1294.575
7,90,120,12.87,104.6,1346.202
7,95,120,13.11,106.7,1398.837
7,100,120,13.31,108.7,1446.797
7,5,150,1.82,12.08,21.9856
7,10,150,3.66,24.02,87.9132
7,15,150,5.47,35.84,196.0448
7,20,150,6.95,46.16,320.812
7,25,150,8.01,53.61,429.4161
7,30,150,8.81,59.27,522.1687
7,35,150,9.44,64.2,606.048
7,40,150,10.01,68.7,687.687
7,45,150,10.47,72.1,754.887
7,50,150,10.86,73.5,798.21
7,55,150,11.26,76.4,860.264
7,60,150,11.61,78.8,914.868
7,65,150,11.93,81.4,971.102
7,70,150,12.23,83.7,1023.651
7,75,150,12.55,85.7,1075.535
7,80,150,12.81,87.6,1122.156
7,85,150,12.04,89.6,1078.784
7,90,150,13.31,91.2,1213.872
7,95,150,13.55,93.4,1265.57
7,100,150,13.74,94.7,1301.178
7,5,210,2.24,11.17,25.0208
7,10,210,4.53,22.11,100.1583
7,15,210,6.53,32.14,209.8742
7,20,210,7.93,39.01,309.3493
7,25,210,8.96,44.11,395.2256
7,30,210,9.64,47.33,456.2612
7,35,210,10.32,51.03,526.6296
7,40,210,10.88,53.67,583.9296
7,45,210,11.37,56.21,639.1077
7,50,210,11.83,58.14,687.7962
7,55,210,12.24,61.2,749.088
7,60,210,12.62,62.9,793.798
7,65,210,12.97,64.9,841.753
7,70,210,13.3,66.6,885.78
7,75,210,13.61,68.2,928.202
7,80,210,13.92,69.4,966.048
7,85,210,14.19,71.1,1008.909
7,90,210,14.46,72.3,1045.458
7,95,210,14.72,73.6,1083.392
7,100,210,14.97,74.9,1121.253
7,5,250,2.59,10.22,26.4698
7,10,250,5.15,20.38,104.957
7,15,250,7.14,28.51,203.5614
7,20,250,8.49,34.06,289.1694
7,25,250,9.42,37.67,354.8514
7,30,250,10.19,41.12,419.0128
7,35,250,10.82,43.54,471.1028
7,40,250,11.41,45.93,524.0613
7,45,250,11.91,48.06,572.3946
7,50,250,12.37,49.84,616.5208
7,55,250,12.4,50.03,620.372
7,60,250,12.82,51.42,659.2044
7,65,250,13.21,53.12,701.7152
7,70,250,13.57,54.52,739.8364
7,75,250,13.91,55.83,776.5953
7,80,250,14.23,56.82,808.5486
7,85,250,14.81,58.35,864.1635
7,90,250,15.11,58.97,891.0367
7,95,250,15.36,59.52,914.2272
7,100,250,15.62,59.94,936.2628
7,5,360,3.05,8.91,27.1755
7,10,360,6.01,17.42,104.6942
7,15,360,7.88,22.77,179.4276
7,20,360,9.22,26.76,246.7272
7,25,360,10.17,29.58,300.8286
7,30,360,10.94,31.85,348.439
7,35,360,11.59,33.64,389.8876
7,40,360,12.18,35.33,430.3194
7,45,360,12.73,36.97,470.6281
7,50,360,13.26,38.55,511.173
7,55,360,13.68,39.71,543.2328
7,60,360,14.08,40.88,575.5904
7,65,360,14.46,41.85,605.151
7,70,360,14.82,42.95,636.519
7,75,360,15.16,43.91,665.6756
7,80,360,15.5,44.83,694.865
7,85,360,15.82,45.59,721.2338
7,90,360,16.12,46.45,748.774
7,95,360,16.38,47.18,772.8084
7,100,360,16.71,47.82,799.0722
7,5,460,3.35,7.67,25.6945
7,10,460,6.61,15.16,100.2076
7,15,460,8.36,19.18,160.3448
7,20,460,9.64,22.11,213.1404
7,25,460,10.56,24.29,256.5024
7,30,460,11.39,26.11,297.3929
7,35,460,12.13,27.82,337.4566
7,40,460,12.75,29.28,373.32
7,45,460,13.31,30.45,405.2895
7,50,460,13.81,31.74,438.3294
7,55,460,14.28,32.83,468.8124
7,60,460,14.71,33.71,495.8741
7,65,460,15.11,34.65,523.5615
7,70,460,15.47,35.59,550.5773
7,75,460,15.87,36.41,577.8267
7,80,460,16.21,37.17,602.5257
7,85,460,16.51,37.8,624.078
7,90,460,16.81,38.56,648.1936
7,95,460,17.13,39.28,672.8664
7,100,460,17.43,39.84,694.4112